customer_id,customer_name,customer_group,territory,address,email,phone,contact_person,credit_limit,payment_terms,tax_id,is_active,created_date
CUST00001,Stout LLC,Fleet,Sharjah,"333 Lynda lakes, Christopherberg, B37 5NX",matthew23@example.org,(0131) 4960152,Luis Smith,283379,Net 90,TRN8808195126,1,2025-05-30
CUST00002,Arnold-Gilbert,Fleet,Ajman,"440 Hammond road, Jamesbury, M5S 0GN",ian76@example.org,+971505559450,Jessica Smith,360044,Net 30,TRN1875780059,1,2025-07-30
CUST00003,Thompson Inc,Retail,Abu Dhabi,"Flat 0, Beth crossroad, New Georginaland, NG0 4AG",natalie75@example.org,(01632) 960 216,Leonard Roberts,270972,Net 90,TRN2984560738,1,2025-08-13
CUST00004,Walker and Sons,Retail,Dubai,"08 Martin plaza, South Dianaberg, M3F 6NZ",wwebster@example.com,2000611,Sean Charlton-Jones,210886,Net 30,TRN4251651802,1,2025-09-06
CUST00005,Schofield Group,Government,Dubai,"1997 Renee Drives, West Lynn, MN 67631",sray@example.net,0116 4960643,Patricia Jones,74482,Net 60,TRN6792634253,1,2025-01-25
CUST00006,"Holland, Hudson and Hunter",Retail,Abu Dhabi,"79578 Michael Green, Bryantown, ID 58710",herreraanthony@example.org,+443069990053,Ronald Williamson-Humphreys,127810,Net 90,TRN4275978124,1,2025-07-28
CUST00007,Mills-Coffey,Government,Abu Dhabi,"PSC 5689, Box 1498, APO AA 51070",stephen48@example.org,+97117477514,Carol Howell,446593,Net 60,TRN7737038032,1,2024-12-15
CUST00008,Brown and Sons,Retail,Dubai,"16186 Mcconnell Stravenue Apt. 794, Scottport, WV 76070",steven22@example.org,027175447,Dr Jennifer Chadwick,192210,Net 30,TRN2334900323,1,2025-01-30
CUST00009,Smith-Hussain,Retail,Dubai,"204 Nicole Drives, Edwardsburgh, ID 87562",kathryn59@example.net,028 9018 0029,Paige Sullivan,276788,Net 90,TRN6707874259,1,2025-10-06
CUST00010,Miller Group,Wholesale,Abu Dhabi,"Studio 56e, Hodgson vista, Fishershire, BD8N 2TW",smithkathleen@example.com,052 994 2628,Ariel Hendricks,63864,Net 60,TRN1842139087,1,2025-08-26
CUST00011,West Inc,Retail,Dubai,"Studio 91, Ruth square, North Christiantown, BB18 8LA",carolynwhitehead@example.org,991,Christopher Stone,365661,Net 30,TRN5246067087,1,2025-06-04
CUST00012,Simpson Group,Government,Dubai,"9571 Hughes Unions Apt. 115, Port Elizabeth, NC 13713",nigelknight@example.com,+44(0)141 4960146,Nancy Lara,88792,Net 30,TRN6026296116,1,2025-03-09
CUST00013,Scott Ltd,Fleet,Dubai,"1233 Todd Flat, South Phyllis, MP 96492",barbarawilliams@example.com,0191 4960791,Madison Johnson,208048,Net 30,TRN2914193041,1,2024-12-14
CUST00014,"Ortiz, Jacobs and Garcia",Retail,Dubai,"110 Garcia Ports, East Daniel, MO 84318",elliottparkinson@example.net,+44(0)1414960174,Monica Huang,96247,Net 30,TRN8115703491,1,2025-05-22
CUST00015,Rice-Howe,Retail,Dubai,"1116 Howard Lodge Suite 843, Schultzstad, MA 53024",leahjohnson@example.net,997,Susan Morley-Bradshaw,459022,Net 60,TRN9883105219,1,2025-04-03
CUST00016,Kennedy-Thomson,Fleet,Dubai,"Studio 5, Clayton cliffs, South Kathleenside, PO9 0PH",lisa49@example.org,+971501466279,Mr William Evans,304805,Net 60,TRN9604393833,1,2025-03-20
CUST00017,Ward-Bailey,Government,Dubai,"Studio 46, Evans key, Brookesshire, B7H 3XQ",xpeters@example.net,01 635 1885,Daniel Wells,352904,Net 90,TRN4608277884,1,2025-08-11
CUST00018,Webb Ltd,Government,Dubai,"Studio 52t, Townsend villages, Morrismouth, G9 5LN",mayoheather@example.com,999,Justin Burke,210199,Net 30,TRN4669350511,1,2025-10-24
CUST00019,"Nelson, Brown and Morgan",Fleet,Sharjah,"4256 Dale Ramp, Briantown, NH 72491",paulinegreen@example.org,+44(0)131 4960012,Phillip Whittaker-Bird,294843,Net 90,TRN3346188681,1,2025-08-01
CUST00020,White-Woodward,Wholesale,Dubai,"Unit 2093 Box 5814, DPO AA 48590",davidstone@example.org,800162,Tammy Fields,124510,Net 60,TRN6273809076,1,2025-04-03
CUST00021,"McCarthy, Bond and Jackson",Retail,Dubai,"2 Paul knolls, Gemmaborough, LN2E 7XB",janicejones@example.com,991,Raymond Nelson,289583,Net 60,TRN1219366608,1,2025-01-29
CUST00022,Chadwick-Williams,Retail,Dubai,"12 Scott inlet, Port Brettfurt, N81 9GN",evansmelanie@example.net,+44(0)292018470,Keith Smith,244877,Net 90,TRN9367491764,1,2025-08-18
CUST00023,Spence-Rice,Retail,Sharjah,"14039 Joseph Road Suite 391, Elizabethborough, NJ 81650",tharrison@example.com,+44118 4960495,Holly Howe,155404,Net 60,TRN7736078226,1,2025-02-26
CUST00024,"Walsh, Barrett and Taylor",Fleet,Sharjah,"Flat 26, Turner wall, West Declan, WV6A 4WG",autumnlee@example.com,00971509053233,Carl Brown,132825,Net 60,TRN2798676670,1,2025-11-01
CUST00025,Brown LLC,Wholesale,Sharjah,"Flat 69N, Morton pine, South Jamie, IG0W 3BR",rebecca38@example.net,800276,Mr Russell Smith,441301,Net 30,TRN7645382610,1,2025-05-18
CUST00026,Ross LLC,Government,Abu Dhabi,"0 Helen cape, North Ambertown, S30 2TJ",michellebuck@example.com,036418469,Heidi Hayes,299393,Net 60,TRN3771176115,1,2025-08-29
CUST00027,Smith-Evans,Fleet,Dubai,"29265 Gonzales Locks Suite 128, Donnabury, PA 09698",andrea63@example.org,031375331,Angela Lopez,416957,Net 30,TRN4947536605,1,2025-08-27
CUST00028,Wong LLC,Government,Dubai,"676 Shields Motorway Suite 189, North Tylerfort, KS 25080",josephine67@example.com,997,Emily Anderson,219411,Net 90,TRN6690006248,1,2025-06-01
CUST00029,Huerta-Chapman,Wholesale,Sharjah,"96134 Maria Track Apt. 078, South Norman, CO 43760",harriszachary@example.com,998,Angela Thompson,336192,Net 90,TRN4511536678,1,2025-10-14
CUST00030,Dawson Ltd,Fleet,Abu Dhabi,"059 Abdul cliffs, South Kathryn, M9T 4TG",ryan95@example.org,8006687,Krystal Davis,58523,Net 60,TRN2687015194,1,2025-01-06
CUST00031,Hopkins PLC,Retail,Dubai,"2639 Christine Spur Suite 120, Hunterfurt, DE 94859",jordan84@example.org,0113 4960009,Sharon Knowles,362553,Net 60,TRN1446481893,1,2025-05-25
CUST00032,Davis-Reeves,Government,Dubai,"Unit 2456 Box 3190, DPO AA 52767",daniellebrooks@example.org,(029) 2018 0256,Diane Andrews,313090,Net 90,TRN6709278006,1,2024-12-21
CUST00033,"Smith, White and Tucker",Government,Abu Dhabi,"7401 Shah Spur, West Brandonborough, NE 80813",arobinson@example.org,8003933761,Chad Boyd,368825,Net 90,TRN1663224239,1,2025-08-31
CUST00034,Lin-Mitchell,Government,Abu Dhabi,"2 Owen ways, Fionahaven, LA3 8SR",ipacheco@example.org,(0191)4960141,Brett Sanchez,339815,Net 60,TRN1964582546,1,2025-10-18
CUST00035,Rodriguez-Williams,Retail,Sharjah,"27535 Graham Mews, East Brittanystad, UT 98245",breanna28@example.org,+441914960130,Mrs Hollie Patterson,90537,Net 90,TRN1741819046,1,2024-12-06
CUST00036,Gray-Harmon,Government,Dubai,"0301 James Pine, Nicholasfurt, TN 17484",msheppard@example.org,2000687,Martin Bryan,202336,Net 60,TRN9706921096,1,2025-08-07
CUST00037,Carter-Shepherd,Government,Dubai,"015 Lisa Canyon, Kaylaville, WY 02299",wlewis@example.com,+44(0)9098790491,Keith Gill,348657,Net 30,TRN6290357998,1,2025-01-17
CUST00038,Price and Sons,Fleet,Abu Dhabi,"363 Norman cape, Coxmouth, E7 8RH",ebeasley@example.org,922,Wayne Brown,215394,Net 60,TRN1907266707,1,2024-12-15
CUST00039,Bates Inc,Wholesale,Sharjah,"12728 Garcia Loaf Suite 469, Kathyton, ID 82691",robertscott@example.org,0553210479,Ms Lindsey Jones,74337,Net 90,TRN1713781620,1,2024-12-11
CUST00040,Clayton-Dean,Retail,Abu Dhabi,"136 Tran Springs Apt. 787, Perkinschester, IL 23900",mcculloughmallory@example.com,+441632 960738,Dana Campbell,273564,Net 60,TRN4834411904,1,2025-02-06
CUST00041,Brown Group,Fleet,Abu Dhabi,"51531 Schultz Grove Apt. 615, Hendrixburgh, AS 23481",margaret08@example.org,+44115 4960549,Carla Mercado,134250,Net 90,TRN8062362163,1,2025-09-30
CUST00042,Burton-Jones,Wholesale,Abu Dhabi,"50847 Erika Roads Suite 219, Stephenview, ME 10120",xryan@example.org,80046672,Melissa Smith,214028,Net 90,TRN3679788169,1,2025-07-06
CUST00043,Kirby-Brown,Retail,Dubai,"2 Chloe inlet, South Dorothy, W19 7NH",maciasbarbara@example.org,055 256 7221,Glenn Hughes,278590,Net 30,TRN4973993810,1,2024-11-30
CUST00044,Kelly Group,Wholesale,Dubai,"PSC 7771, Box 2653, APO AA 23480",areed@example.com,(029) 2018367,Laura Vasquez,108242,Net 60,TRN1660815379,1,2025-09-07
CUST00045,Thomas Inc,Wholesale,Ajman,"Studio 36f, Olivia plains, West Garethside, SO05 3GA",phillipsrobert@example.com,+44(0)1134960033,Edward Bennett,346553,Net 30,TRN3074957299,1,2025-07-09
CUST00046,"Bonilla, Jackson and Johnson",Retail,Abu Dhabi,"Studio 9, Begum locks, Port Harry, BT88 1JB",younglucy@example.com,+44(0)121 4960358,Adrian Bryant,268923,Net 90,TRN9354378185,1,2025-06-18
CUST00047,Cox Ltd,Government,Dubai,"Flat 1, Reynolds views, Port Alexandraton, S2 9XS",sroberts@example.com,(0117)4960275,William Nielsen,161420,Net 60,TRN4149806004,1,2024-12-15
CUST00048,Mcdowell LLC,Retail,Abu Dhabi,"7 Stewart key, South Clairemouth, B0T 9QD",kingelaine@example.org,+441632 960 634,Ryan Sullivan,192216,Net 60,TRN6159627963,1,2025-01-09
CUST00049,"Alexander, Gardner and Oliver",Government,Dubai,"Studio 8, Mary dam, Port Marian, TD5N 9GG",obryan@example.com,0116 496 0580,Rachael Hunter,89264,Net 90,TRN2969360253,1,2025-04-21
CUST00050,Medina PLC,Wholesale,Abu Dhabi,"Studio 77, Andrews canyon, South Barry, HS23 5BD",randypittman@example.net,0505445951,Dr Derek Cooper,72328,Net 30,TRN9204726535,1,2025-08-28
CUST00051,Powell-Scott,Fleet,Dubai,"3394 Sue Gateway Suite 516, West Bridget, CT 63723",walkerfrancesca@example.com,01174960415,Ms Mandy Thomas,293758,Net 30,TRN3261854977,1,2025-07-23
CUST00052,Washington LLC,Government,Abu Dhabi,"016 Martinez Via, Monicachester, DC 18382",juan65@example.com,0566469931,Jane Ford,150093,Net 60,TRN3876923138,1,2025-04-10
CUST00053,Whitehead-Robertson,Government,Dubai,"884 Megan Flat, Sullivanview, NY 05954",yburke@example.org,+44131 4960630,Jake Tran PhD,283755,Net 90,TRN3005842353,1,2025-04-24
CUST00054,Johnson-Parker,Retail,Dubai,"0283 Lauren Parks Suite 129, Adamtown, PA 47588",parkmarcia@example.org,80038514,Gary Perry,197179,Net 30,TRN7458907230,1,2025-08-01
CUST00055,"French, Phillips and Jones",Fleet,Sharjah,"1402 Pham Inlet Suite 411, Alecstad, UT 99767",joneslinda@example.net,02074960309,Tina Taylor DDS,332305,Net 90,TRN8505139813,1,2025-01-29
CUST00056,Robinson-Adams,Fleet,Sharjah,"9 Joe creek, Humphriesburgh, KY2B 7GW",andrewyoung@example.net,0116 4960603,Nancy West,165039,Net 90,TRN2918422503,1,2025-11-09
CUST00057,Cook-Kim,Retail,Dubai,"818 Hamilton crossroad, North Reece, G4 8YA",kimberly31@example.com,01414960170,Aaron Williams,215117,Net 90,TRN7572634156,1,2025-07-29
CUST00058,"Martinez, Nelson and Terry",Fleet,Dubai,"692 Robert Forest Apt. 770, Shannonland, NJ 99440",michellemartin@example.com,80061393,Joe Dyer,367788,Net 60,TRN8209179704,1,2025-02-13
CUST00059,Hoffman-Mcclure,Government,Dubai,"Flat 5, Rebecca point, Frankborough, G6 0PP",allenlisa@example.com,+448081570747,Adrian Griffin,165787,Net 90,TRN7011246613,1,2025-05-15
CUST00060,Williams-Yates,Fleet,Abu Dhabi,"4663 Norris Track Apt. 030, South Jody, MP 64506",dwilkins@example.com,(0306) 999 0403,Marcus Jennings,89017,Net 60,TRN4452035696,1,2025-11-04
CUST00061,Jones-Coles,Retail,Dubai,"973 Taylor Lights, South Rebecca, DE 11304",trevor93@example.com,(028) 9018868,Cheryl Wright,427107,Net 30,TRN7700075791,1,2025-08-26
CUST00062,"Young, Brown and Gregory",Retail,Dubai,"3 Smith knoll, Knightberg, N56 1UZ",ediaz@example.com,0567358778,Nancy Black,270563,Net 60,TRN2916597847,1,2024-11-25
CUST00063,Luna-Mitchell,Wholesale,Dubai,"819 Moore Mount Apt. 933, North Rachel, MT 35393",mikehernandez@example.net,999,Jacob Wade,459951,Net 60,TRN8172895128,1,2025-10-17
CUST00064,Vargas Inc,Government,Ajman,"Studio 5, Stephanie view, Grayhaven, KY09 5RG",kcline@example.net,(01632)960049,Jade Pearson,452654,Net 60,TRN9549843697,1,2025-10-04
CUST00065,"Byrd, Mcclain and Carpenter",Fleet,Dubai,"3563 Morris Rapids Suite 593, Elizabethside, MH 04062",ypritchard@example.com,8009625,Jordan Mcgee,278296,Net 60,TRN9314287776,1,2025-10-22
CUST00066,"Taylor, Bryan and Murphy",Government,Abu Dhabi,"Flat 15, Maureen roads, West David, PO6N 8XA",kfreeman@example.org,(0306)9990465,Kayla Thomas PhD,160736,Net 30,TRN6706396988,1,2025-09-23
CUST00067,Mcpherson Group,Government,Dubai,"1498 Peter Summit Suite 363, East Jeremy, AS 68921",sarastokes@example.net,01514960145,Georgia Williams,242234,Net 90,TRN2320831441,1,2025-10-01
CUST00068,Farrell Inc,Wholesale,Dubai,"7 Graeme flat, Port Marc, E74 4AG",carolynmarsden@example.net,996,Jennifer Duke,364318,Net 30,TRN2444508428,1,2025-03-06
CUST00069,Roberts LLC,Wholesale,Abu Dhabi,"368 Melissa Hill Suite 718, North Davidside, NV 27074",rjones@example.net,+44(0)121 496 0779,Irene Potter-Harvey,425196,Net 30,TRN9081964568,1,2025-07-07
CUST00070,Crawford-Horton,Retail,Dubai,"8211 Gray Spurs Apt. 191, West Jamesmouth, SD 46728",john20@example.com,901,Malcolm Webb,126263,Net 90,TRN1329750498,1,2025-01-06
CUST00071,"Wheeler, Wong and Matthews",Fleet,Dubai,"54493 Anthony Stravenue Apt. 052, Garychester, SD 68665",george11@example.org,991,Jeffrey Lloyd,248032,Net 30,TRN4084849943,1,2025-03-27
CUST00072,"Smith, Ball and Lucero",Retail,Abu Dhabi,"32283 Kevin Groves Suite 686, Coopermouth, NV 39472",danielle37@example.net,800729130,Dr Hollie Young,137603,Net 90,TRN9119662851,1,2025-04-07
CUST00073,Morgan-Smith,Wholesale,Abu Dhabi,"92 Lesley orchard, Smithburgh, RG6 5DL",garrycox@example.com,(0151) 4960560,Tracy Clarke,417071,Net 90,TRN8079860438,1,2025-09-27
CUST00074,Thorpe-Rahman,Government,Dubai,"31 Howard place, Baileystad, W5F 4ED",erik79@example.net,8009125614,Craig Shah,166285,Net 30,TRN8421922520,1,2025-10-16
CUST00075,West Group,Fleet,Dubai,"07 Gibson overpass, West Rosemaryborough, SY8W 4NT",ybarber@example.com,8005668169,Kenneth Lee,50936,Net 90,TRN3999553375,1,2025-06-07
CUST00076,Green PLC,Retail,Dubai,"Studio 82, Thomas trail, West Bryan, WA58 4EG",muellerdonna@example.org,922,Dr. Michelle Arnold,432932,Net 90,TRN5336089947,1,2025-06-19
CUST00077,Burgess-White,Government,Dubai,"71 Price lakes, Elizabethberg, WD1V 8UT",barbara86@example.net,+44114 496 0889,Grace Patel-Webb,435913,Net 30,TRN8891751157,1,2025-03-18
CUST00078,"Jones, Davies and Collins",Fleet,Sharjah,"8 Emma wall, Robinsonberg, S5 8AJ",tina82@example.com,0808 1570331,Katherine Fields,337867,Net 30,TRN2940300238,1,2025-07-03
CUST00079,"Burnett, Morales and Perkins",Fleet,Dubai,"4 Watson turnpike, Allenfort, TW69 2YL",penaashley@example.net,996,Alexander Gregory,150332,Net 90,TRN3649859651,1,2025-06-15
CUST00080,Ramirez-Nguyen,Retail,Dubai,"Flat 3, Carol canyon, East Louiseport, OX2 0HW",geraldine11@example.com,(0117) 4960491,Philip Serrano,479062,Net 30,TRN1500182007,1,2025-04-03
CUST00081,"Lord, Scott and Leach",Wholesale,Dubai,"Flat 88E, Danny crossing, Mitchellport, N3S 8HS",connor15@example.net,800513,Dr Marion Smith,172386,Net 90,TRN2131071642,1,2025-02-10
CUST00082,"Robinson, Fletcher and Williams",Retail,Dubai,"271 Dickinson manors, Nataliefurt, E4K 7WW",judith25@example.org,(0116)4960513,Dr. Ryan Brown,237922,Net 60,TRN5176454843,1,2025-01-13
CUST00083,"Humphries, Farrell and Robinson",Fleet,Dubai,"505 Norman mountain, East Louis, S29 4UH",katy01@example.com,034751021,Dr Jennifer Thomas,245180,Net 90,TRN2186819690,1,2025-02-19
CUST00084,O'Connor-Ward,Fleet,Dubai,"5 Thomas inlet, Jenniferhaven, EN6X 2TD",lsaunders@example.com,(0114)4960647,Teresa Lucas,361637,Net 30,TRN8581001226,1,2025-04-03
CUST00085,"Middleton, Nunez and Williams",Retail,Dubai,"Flat 91y, Hope forge, East Alexander, CF93 9QL",brianperez@example.net,(01632)960368,James Mcclure,395997,Net 90,TRN5627603882,1,2025-05-23
CUST00086,Cooper Ltd,Fleet,Dubai,"Studio 46, Reece rest, Kayleighshire, MK4P 0TL",kyle32@example.com,80024145,Robert Goodwin,116024,Net 30,TRN8911036024,1,2025-05-29
CUST00087,"Baxter, Evans and Rose",Fleet,Dubai,"2 Harriet street, Harrismouth, SL0 8SU",matthewfoster@example.com,+44(0)1632 960 495,Gregory Stephenson,435102,Net 30,TRN7546894333,1,2025-01-21
CUST00088,"Henry, Willis and Bibi",Wholesale,Dubai,"540 Brown forges, Howardhaven, L4K 9FZ",thomasdavies@example.net,050 522 2011,Robert White,250797,Net 30,TRN4353006173,1,2025-10-27
CUST00089,"Page, Conway and Hewitt",Government,Dubai,"Studio 0, Morris row, Cameronview, G43 7EF",mark07@example.net,+44117 496 0028,Richard Crane,256462,Net 90,TRN5593230420,1,2025-05-21
CUST00090,Watson-Mills,Government,Dubai,"Studio 8, Chamberlain rest, Murphytown, DH9 8LG",theresamiller@example.net,0117 496 0021,James Faulkner,416216,Net 90,TRN4794836740,1,2024-12-10
CUST00091,Ward Group,Fleet,Dubai,"Flat 5, Geraldine avenue, Atkinsonberg, SS8V 2EA",mwong@example.org,+4420 74960635,Lori Gomez,262947,Net 90,TRN1573820508,1,2025-01-01
CUST00092,"Sutton, Tate and Lee",Retail,Sharjah,"Studio 7, Dylan center, South Andreahaven, EH8X 2BD",jasonbrennan@example.com,991,Katie Coleman,313016,Net 90,TRN5003472438,1,2025-02-16
CUST00093,"Romero, Collins and Pacheco",Government,Dubai,"02779 Sara Turnpike Suite 736, West John, MH 36286",powellbernard@example.com,+44(0)117 4960681,Mr Jack Grant,293573,Net 30,TRN9214179928,1,2025-06-13
CUST00094,"Wright, Mason and Duncan",Government,Abu Dhabi,"2470 Brian Fields Apt. 260, Elizabethchester, MO 68612",donna57@example.org,028 9018760,Andrew Griffin,429266,Net 90,TRN3814234400,1,2024-11-12
CUST00095,"Smith, White and Smith",Wholesale,Dubai,"58007 Scott Squares Apt. 007, Andrewchester, OH 47421",robert02@example.org,8007907,Ronald Lee-Hughes,489491,Net 90,TRN6300300046,1,2025-09-04
CUST00096,Moss LLC,Retail,Sharjah,"2086 Rita Manors Suite 789, New Kathy, CA 40451",mwarren@example.org,0121 4960080,Stacy Chandler,341672,Net 90,TRN3134773235,1,2025-04-04
CUST00097,"Harris, Johnson and Barber",Retail,Sharjah,"Flat 3, Joel via, Shaunbury, M40 5SS",jaynewheeler@example.com,+44115 496 0558,Molly Green-Collins,460805,Net 30,TRN4949870787,1,2025-07-18
CUST00098,Barton Inc,Fleet,Dubai,"Studio 35, Skinner glens, Jackborough, S1J 9JR",atkinsjoseph@example.net,(0115)4960268,Henry Burton,482691,Net 90,TRN5478698851,1,2025-08-15
CUST00099,"Coffey, Adams and Lopez",Wholesale,Dubai,"Unit 6703 Box 9231, DPO AA 34549",hortonraymond@example.org,(020) 74960185,Jack Martin,449445,Net 60,TRN6249011473,1,2025-04-10
CUST00100,Gardner-Fritz,Wholesale,Sharjah,"164 Karen Shores Apt. 253, Edwardsland, MN 42595",olsonhunter@example.net,600062838,Marc Fuller,113353,Net 30,TRN2484698682,1,2025-04-04
CUST00101,Dickson-Davis,Wholesale,Abu Dhabi,"Flat 39, Maurice mountains, Leemouth, N50 7ES",michellejensen@example.org,+441914960992,Ronald Roberts,351539,Net 60,TRN7759090624,1,2025-11-01
CUST00102,"Rodgers, Dawson and Peterson",Wholesale,Dubai,"Studio 5, Alice land, Port Lindsey, TD51 7BN",qjackson@example.com,0141 496 0893,Josephine Davies,127803,Net 30,TRN2851359311,1,2025-10-04
CUST00103,"Cortez, Durham and Spears",Fleet,Dubai,"Flat 82, O'Neill green, Harpershire, CA3N 3EZ",franciscarter@example.net,991,Richard Ferguson MD,244576,Net 60,TRN3982361779,1,2025-05-14
CUST00104,Cox-Payne,Fleet,Sharjah,"290 Stewart extensions, West Tonytown, PR1B 6EP",robsonalan@example.org,600661104,Tara Simmons,152656,Net 30,TRN8619401272,1,2025-07-12
CUST00105,"Jones, Adams and Wright",Fleet,Abu Dhabi,"3166 Fletcher Forest Suite 068, Campbellmouth, SD 52010",johnsonfrank@example.com,998,Jason Holt,358014,Net 90,TRN9877404587,1,2025-04-12
CUST00106,Flores-Sawyer,Retail,Sharjah,"91023 Garcia Locks, Fernandezland, MT 92374",angela76@example.org,+44(0)20 7496 0085,Charles Garcia,68106,Net 60,TRN4732341881,1,2025-03-15
CUST00107,Kennedy and Sons,Wholesale,Dubai,"4809 Juan Islands Apt. 432, Navarrotown, ME 39897",kaylajohnson@example.com,(0306)9990840,Jeffrey Davies,375737,Net 60,TRN5258741728,1,2024-12-16
CUST00108,Read PLC,Fleet,Dubai,"4878 Cody Road, East Shawnborough, ME 25737",qjohnson@example.com,+44(0)1632 960018,Hilary Williams,184169,Net 60,TRN1926616988,1,2024-11-17
CUST00109,Wilson-Bird,Retail,Dubai,"29348 Michael Forks, Debraside, KY 94215",lucy72@example.com,028 9018 0944,Natalie Gibson,487912,Net 60,TRN8547164892,1,2025-10-19
CUST00110,"James, Cunningham and Parker",Government,Dubai,"Studio 2, Byrne lane, East Carlyborough, G7W 7FR",allan58@example.org,+44141 496 0649,Tracey Rogers-Dean,188474,Net 30,TRN2115562678,1,2025-10-03
CUST00111,Cooke-Deleon,Wholesale,Abu Dhabi,"6333 Crawford Oval, Daviston, MD 61252",nancy43@example.com,600886187,Neil Williams,160855,Net 60,TRN2621588967,1,2025-06-08
CUST00112,Bull-Patel,Government,Ajman,"929 Cervantes Wells, Josephland, WY 11296",wendy70@example.com,+44(0)116 4960979,Kimberly Stanley,217330,Net 30,TRN4213588856,1,2025-10-19
CUST00113,"Ryan, Hill and Owens",Government,Dubai,"3102 Castillo Circles, Karenport, OH 29744",andrewsfrank@example.net,8006711,Elizabeth Bradley,128745,Net 60,TRN1721986695,1,2024-11-12
CUST00114,Morrison-Harris,Government,Abu Dhabi,"PSC 5960, Box 5999, APO AE 84952",chad20@example.org,996,Billy Moran,231756,Net 30,TRN1306540735,1,2025-09-22
CUST00115,Cross LLC,Retail,Ajman,"05950 Martinez Causeway, North Stephanie, MN 79815",elliott82@example.org,600862296,Howard Stephens-Mistry,308558,Net 30,TRN3611406742,1,2025-02-16
CUST00116,Patel-Norman,Government,Abu Dhabi,"Studio 7, Chloe manor, Port Chloebury, M83 5SX",rhayes@example.net,0558357766,Brittany George,364183,Net 90,TRN3433109373,1,2025-08-14
CUST00117,"Bailey, Brown and O'Brien",Government,Abu Dhabi,"USNV Beck, FPO AA 06410",rperez@example.net,999,Douglas Ortiz,327951,Net 90,TRN9160045775,1,2025-10-15
CUST00118,Erickson PLC,Fleet,Dubai,"82 O'Donnell plains, Lake Tombury, S11 9GB",tami89@example.com,0113 4960764,Cynthia Davis,351991,Net 30,TRN4023907475,1,2025-06-27
CUST00119,Macdonald-Davies,Government,Dubai,"USNS Baker, FPO AA 64371",rodriguezashley@example.net,922,Brandon Mann,397420,Net 90,TRN1979551580,1,2025-05-13
CUST00120,Wright-Gilbert,Wholesale,Abu Dhabi,"Unit 4895 Box 6724, DPO AP 88116",norman01@example.net,+44(0)1164960000,Dawn Lee-Ashton,173039,Net 30,TRN7671224715,1,2025-09-02
CUST00121,Johnston Inc,Retail,Ajman,"59829 Abigail Ranch, Tabithaport, NM 70602",leon37@example.com,(0114)4960461,Denis Parry,320889,Net 90,TRN6561499215,1,2025-03-19
CUST00122,"Simmons, Anderson and Valdez",Wholesale,Dubai,"Unit 3296 Box 9674, DPO AP 32573",ymathis@example.net,997,Jeffrey Cruz,310512,Net 60,TRN3346547941,1,2025-03-15
CUST00123,"Miller, Smith and Carson",Wholesale,Ajman,"Flat 3, Mandy cliff, West Ritaport, LL0 9YZ",reynoldsanne@example.org,996,Ian Thompson,478558,Net 90,TRN6154006932,1,2025-05-16
CUST00124,"Silva, Sims and Johnson",Fleet,Dubai,"Studio 27, Barry viaduct, Butlerbury, BA25 0NW",wmarshall@example.org,01214960058,Ms Sharon Burgess,452902,Net 60,TRN9732668643,1,2025-04-18
CUST00125,Brown-Fox,Wholesale,Abu Dhabi,"496 Morgan square, Ameliafurt, N42 8WE",bradleywright@example.com,991,Beverley Doherty,87467,Net 30,TRN7409462712,1,2024-11-14
CUST00126,Gonzalez-Velasquez,Government,Dubai,"5812 Lopez Vista, Brownfurt, ME 15975",jenniferhammond@example.org,07 923 6815,Bethany Thomson-Ingram,286624,Net 90,TRN1283053470,1,2025-07-18
CUST00127,Moore-Williams,Wholesale,Abu Dhabi,"8672 Jessica Locks, Robertsonborough, MI 79833",richardolson@example.com,922,Dr Victor Ford,236393,Net 90,TRN9634052232,1,2025-09-04
CUST00128,Gordon-Carrillo,Fleet,Dubai,"07736 Wood Circles, West Patriciachester, WA 14954",mohamed50@example.net,+4429 2018 0730,Deborah Doherty,375860,Net 90,TRN6855746934,1,2025-04-19
CUST00129,Jones and Sons,Wholesale,Abu Dhabi,"306 David Plains Apt. 272, Williamstad, IA 10142",derekperkins@example.net,(0115)4960470,Timothy Russell,486410,Net 30,TRN3763515828,1,2025-07-12
CUST00130,Cox-Clarke,Government,Dubai,"9462 Deborah Islands, East Daniel, OH 05849",hshaw@example.com,050 316 2434,Erik Johnson,309192,Net 90,TRN8961377651,1,2025-10-25
CUST00131,"Burns, Johnson and Wells",Retail,Sharjah,"38327 Paul Groves, Lake Seanville, GA 63817",meganmurray@example.com,0121 4960335,Jessica Buck,231332,Net 90,TRN4856372934,1,2025-02-12
CUST00132,Bowen-Payne,Fleet,Abu Dhabi,"Flat 7, Cooper gardens, Whitestad, WN70 5DL",ameliabarry@example.org,01 634 3139,Joe Townsend,494708,Net 30,TRN3843692915,1,2025-09-02
CUST00133,Johnson Inc,Retail,Sharjah,"8293 Aguilar Wall, West Marcusfort, IL 48723",bwilliams@example.org,+971 52 660 1272,Jasmine Watson-Parsons,173477,Net 30,TRN9901763270,1,2025-10-24
CUST00134,Spencer PLC,Retail,Dubai,"6617 Thompson Rapid Apt. 008, West Charlesborough, FM 67484",jody48@example.org,(0909)8790120,Melissa Mason,386109,Net 90,TRN7604778211,1,2025-11-06
CUST00135,Marshall-Baker,Wholesale,Dubai,"131 Hunt crescent, Palmertown, W0 8FL",gail38@example.org,01614960372,Samuel Thomas,75995,Net 30,TRN2685551007,1,2025-11-11
CUST00136,"Jones, Lopez and Gaines",Wholesale,Ajman,"929 Norman Squares Apt. 756, Michelleport, WA 21804",geraldinepearson@example.org,+44(0)151 496 0442,Catherine O'Connor,116525,Net 60,TRN6403309777,1,2025-07-21
CUST00137,Graham-Sanders,Wholesale,Abu Dhabi,"93142 Leslie Club Apt. 092, West Lucasside, NE 17988",lesleygill@example.net,800959345,Christopher English,315589,Net 30,TRN9124045479,1,2025-08-19
CUST00138,Taylor-Morris,Wholesale,Dubai,"97 Hawkins neck, New Alexandrafurt, WV4R 5QW",wintermelissa@example.com,028287927,Kristy Sullivan,430779,Net 30,TRN8077812566,1,2025-10-28
CUST00139,Patterson-Anderson,Fleet,Ajman,"149 Stephanie throughway, Atkinsborough, L98 2QH",rmurphy@example.org,2001637,Shawn Brown,238267,Net 30,TRN1275450234,1,2025-07-06
CUST00140,Crawford-Mills,Government,Dubai,"Flat 22, Watts walk, West Charlie, SN7E 7FU",jnguyen@example.com,+441154960602,Andre Richards,379278,Net 60,TRN2342986659,1,2025-01-26
CUST00141,Hill-Welch,Fleet,Abu Dhabi,"9116 Rebecca Garden, Lisaton, MI 41860",lboyd@example.net,0121 496 0438,Christopher Deleon,370397,Net 30,TRN3504160759,1,2025-05-03
CUST00142,"Rogers, Vaughan and Phillips",Government,Sharjah,"Studio 67, Rita crossroad, West Dalemouth, N1E 0UG",janet69@example.com,997,Mr Marc Talbot,217753,Net 30,TRN4119372483,1,2025-04-03
CUST00143,Brown-Williams,Wholesale,Dubai,"09 Mohammed valley, Victorland, E8 8JY",bgreen@example.net,01 481 2963,Ms Amber Thomas,331092,Net 30,TRN4183115874,1,2025-03-05
CUST00144,Moore-Khan,Wholesale,Dubai,"442 Collin Row Suite 076, Katherineside, RI 51806",daltonmarilyn@example.com,0507951270,Karen Howard,233414,Net 60,TRN8134575092,1,2024-11-30
CUST00145,Pittman and Sons,Retail,Abu Dhabi,"Studio 4, Wright squares, Scottchester, BL60 9GP",kbradley@example.org,2003808,Robert Powell,291018,Net 60,TRN7241015919,1,2025-09-27
CUST00146,Gonzales-Christensen,Fleet,Ajman,"Flat 34, Elaine wells, New Joanneborough, B06 4ZE",wsmith@example.org,0097131795899,Kelly Munoz,166507,Net 30,TRN4248964182,1,2024-11-18
CUST00147,Flores-Lee,Retail,Dubai,"33 Stacey motorway, West Katherinetown, M69 2YY",justinwood@example.org,(0117) 4960232,Connor Perry-Horton,95493,Net 90,TRN7308658316,1,2024-12-28
CUST00148,"Hamilton, Dean and Sheppard",Government,Sharjah,"Flat 05e, Keith walks, South Antony, G06 2NA",lynnescott@example.net,+44(0)113 4960854,Lauren Guzman,114266,Net 60,TRN5803743418,1,2025-01-26
CUST00149,"Black, Foley and Kim",Fleet,Dubai,"20 Marc mountains, East Tobyton, GU7 3UY",holly79@example.com,0114 4960231,Hugh Miah,195478,Net 90,TRN5590007876,1,2025-04-25
CUST00150,"Obrien, Lee and Jackson",Government,Ajman,"PSC 1530, Box 2965, APO AP 08621",vmartinez@example.org,+44(0)151 4960422,Darren Clark,298632,Net 30,TRN4554872270,1,2025-06-08
CUST00151,Singh Ltd,Retail,Abu Dhabi,"91033 Bell Courts Suite 580, East Brianna, SC 54339",chelseajones@example.net,026826384,Deborah Newman,291512,Net 90,TRN2092587421,1,2024-12-27
CUST00152,"Holmes, Davies and Reed",Government,Dubai,"45429 Campbell Skyway, Port Nancy, MT 92274",sheila22@example.net,+441214960073,Melanie Williamson,413709,Net 90,TRN9552917380,1,2025-08-23
CUST00153,Hanson-Hughes,Government,Dubai,"25056 Jeremy Green, South Victor, MA 75768",leah86@example.org,052 389 1190,Holly Lawrence,110735,Net 60,TRN4601869900,1,2025-08-31
CUST00154,Powell PLC,Retail,Abu Dhabi,"5691 Williams Row Suite 803, Port Cameronstad, GA 21598",thomasthomas@example.net,+44(0)151 4960860,Heather Lee,72322,Net 30,TRN3192244644,1,2025-10-28
CUST00155,Macdonald Group,Retail,Dubai,"2977 Jones Causeway Apt. 935, South Felicia, VI 35162",amy90@example.com,(0121) 496 0014,Julian Davies,84806,Net 90,TRN8996551117,1,2025-10-14
CUST00156,Compton-Best,Retail,Dubai,"Studio 04, Julia brook, Jeremyborough, L6 0JB",zachary10@example.com,+44121 496 0845,Tracey Smith,259294,Net 30,TRN3841334575,1,2025-10-07
CUST00157,Edwards LLC,Wholesale,Abu Dhabi,"Studio 7, Alice lodge, Smithhaven, L9S 9TX",jstanley@example.org,922,Ellie Ellis-Newton,414759,Net 60,TRN5672095736,1,2025-09-11
CUST00158,"Prince, Thompson and Scott",Government,Abu Dhabi,"Studio 65N, Smith street, West Adamland, W4G 8FT",robin94@example.net,0097175238469,Colin Walker,302056,Net 60,TRN1327871281,1,2025-07-02
CUST00159,Carpenter-Gonzales,Retail,Ajman,"Studio 40, Frank drive, Lake Robin, EN13 8RE",eodonnell@example.com,(0131)4960119,Tara Simmons,145818,Net 90,TRN1619254769,1,2024-11-14
CUST00160,Brown PLC,Government,Abu Dhabi,"00158 Beasley Place Suite 748, East Jessicatown, NC 17306",ibutler@example.net,901,Eric Scott,157143,Net 90,TRN8913125149,1,2025-01-03
CUST00161,Martin-Harvey,Government,Sharjah,"384 Clark Stream Suite 914, Michaelfort, DC 96194",stewartjake@example.com,055 515 7612,Nigel King,84775,Net 30,TRN5464878553,1,2025-10-26
CUST00162,Pickering Group,Wholesale,Abu Dhabi,"Flat 29S, Walker station, Port Timothyland, BS1 2QJ",rebecca47@example.net,999,Dylan Brooks,129869,Net 90,TRN3694577685,1,2025-03-12
CUST00163,Holmes-Harris,Wholesale,Sharjah,"159 Bryan hill, Eileenhaven, L9T 8RF",nathangardner@example.org,996,Kelly Hill,216776,Net 90,TRN7241875766,1,2025-04-16
CUST00164,Davies-Reynolds,Fleet,Dubai,"220 Allison Ford, Port Samanthamouth, ID 21182",galvanjason@example.net,055 413 2017,Jeremy Roman,96759,Net 90,TRN6816020678,1,2025-08-22
CUST00165,Sutton-Wilson,Government,Dubai,"988 Steven inlet, West Glenn, W4 3DU",katelynbrown@example.com,8006140,Lawrence Wilson,359264,Net 30,TRN4438604182,1,2025-07-29
CUST00166,"Blackburn, Davis and Lee",Fleet,Dubai,"9148 Singh Curve Suite 659, Shahmouth, WV 52925",juliejones@example.net,80048013,Mr Francis Davies,336117,Net 30,TRN2553053807,1,2024-11-13
CUST00167,Simmons-Evans,Fleet,Abu Dhabi,"02123 Jessica Brook Apt. 966, Darleneville, IN 45270",tjames@example.net,+44141 496 0474,Barbara Mendez,304399,Net 30,TRN2453550071,1,2025-09-17
CUST00168,Fowler and Sons,Fleet,Dubai,"35 Walsh unions, New Margarethaven, JE9 4XT",baileykatherine@example.net,+441154960666,Aimee Smith,241773,Net 60,TRN6163615712,1,2025-06-26
CUST00169,Cooper LLC,Government,Ajman,"Studio 31g, Ali parkways, Smithfort, HG7 4YJ",robert31@example.net,997,Abdul Scott-Allen,101931,Net 90,TRN3836500157,1,2025-02-09
CUST00170,Austin-Jenkins,Retail,Ajman,"Unit 9406 Box 7879, DPO AA 47549",aahmed@example.org,+44(0)1914960723,Dr Gillian Robinson,481326,Net 60,TRN7800045036,1,2025-05-28
CUST00171,Johnson-Smith,Retail,Dubai,"446 Bell turnpike, Douglasshire, E3 0PL",raytimothy@example.com,+44(0)117 496 0451,Anne Townsend,485091,Net 90,TRN8440096970,1,2025-03-07
CUST00172,Robertson Inc,Government,Abu Dhabi,"6923 Burnett Summit, North Yolanda, CO 57623",peggyreyes@example.com,029 2018 0896,Marcus Barry,81270,Net 60,TRN9237503381,1,2025-02-21
CUST00173,Robbins LLC,Retail,Sharjah,"61 Scott lock, Cunninghamborough, SN0 6EX",millerallison@example.org,+44(0)115 4960567,Mark Mullen,473657,Net 90,TRN3296213764,1,2025-07-12
CUST00174,"Richards, Armstrong and Sims",Government,Dubai,"Studio 07R, Ann station, North Scott, HR14 9ZS",davidcastillo@example.net,+44(0)306 9990254,Angela Wright-Foster,279278,Net 60,TRN8958295040,1,2024-11-29
CUST00175,Knight-Smart,Fleet,Dubai,"Flat 9, Marsh inlet, Guyfurt, G3 1WE",uedwards@example.org,+44(0)1184960729,Mario Huang,62857,Net 30,TRN6873600739,1,2025-05-17
CUST00176,Wise-Thomas,Government,Abu Dhabi,"634 Khan green, North Brett, B01 3XH",dorothy27@example.net,991,Ashley Roberts,238213,Net 60,TRN7260829958,1,2025-02-25
CUST00177,Salinas Inc,Retail,Dubai,"5882 Mcgee Burgs, Susanland, SC 60801",rogerbarrett@example.net,+44(0)8081570670,John Hill,85091,Net 60,TRN7282367257,1,2025-10-16
CUST00178,Watson-Baker,Retail,Abu Dhabi,"Studio 9, Chapman walks, Gillchester, M6 4QF",luissmith@example.com,+44289018074,Mrs. Kristin Williams,421179,Net 90,TRN2898388338,1,2025-11-03
CUST00179,"Gardner, Shaw and Steele",Wholesale,Abu Dhabi,"00 Dobson garden, New Dannyfurt, WR7N 8SH",edwardsgeoffrey@example.com,01184960717,Sarah Wade,414795,Net 90,TRN6358665906,1,2025-05-06
CUST00180,"Whitehead, Thompson and O'Neill",Retail,Sharjah,"30 Marsh grove, Nicolebury, TS89 4NF",molly75@example.org,+44116 4960189,Donald Joyce,305519,Net 30,TRN7874135313,1,2025-06-09
CUST00181,Knowles-Baldwin,Government,Dubai,"0 Burrows lodge, West Toby, W5B 1UU",iwillis@example.com,998,Michelle Hensley,356129,Net 90,TRN7462935158,1,2025-08-07
CUST00182,"Simmons, Oliver and Roth",Retail,Dubai,"01467 Katie Loaf Suite 021, Lake Angela, CA 24457",emily74@example.net,0117 4960406,Miss Alice Harris,141860,Net 60,TRN2484754947,1,2025-02-04
CUST00183,Parkin Inc,Wholesale,Dubai,"Studio 14U, James center, West Rhysfurt, DA66 1SU",jane86@example.net,901,Shane Taylor,430998,Net 60,TRN8202946075,1,2025-08-29
CUST00184,"Anderson, Jones and White",Fleet,Dubai,"79575 Jeffery Lock, New Nicole, NM 75258",shanegoodwin@example.org,999,Antony Brown-Hayes,310383,Net 60,TRN5344068650,1,2025-01-24
CUST00185,Fuller-Phillips,Government,Dubai,"392 Adams light, North Danielle, L7 7EY",michael86@example.net,991,Kenneth Cook,192290,Net 60,TRN1579113275,1,2025-10-29
CUST00186,Bell LLC,Fleet,Ajman,"USNS Colon, FPO AA 48711",jessica33@example.com,922,Mr Ross Jordan,196035,Net 60,TRN5018927672,1,2025-01-29
CUST00187,Mcmahon LLC,Wholesale,Ajman,"954 Pearce estates, Thomastown, L2 1QJ",johnsonmichael@example.com,800817787,Dr Bryan Green,256756,Net 60,TRN4393806489,1,2025-09-15
CUST00188,"Allen, Cook and Diaz",Government,Ajman,"1 Melanie extension, Kennedystad, W9 4LG",guyquinn@example.net,999,Theresa Coffey,491958,Net 60,TRN5672706231,1,2025-09-03
CUST00189,Roberts Inc,Government,Abu Dhabi,"49 Shannon manors, Clarketon, EC50 3HF",jparker@example.org,+97163394115,Joan Bryant,129042,Net 90,TRN5377363702,1,2025-07-23
CUST00190,Bennett-Field,Wholesale,Dubai,"Flat 07, Murphy point, New Samuel, W4 7TT",smanning@example.org,996,Cathy Parker,237167,Net 60,TRN8625029460,1,2025-08-11
CUST00191,Warren-Koch,Fleet,Dubai,"86 James stravenue, Amyhaven, PL45 1RX",deanhope@example.com,+44289018196,Samantha Carter,250057,Net 60,TRN1483911569,1,2025-08-02
CUST00192,"Dixon, Zamora and Williams",Government,Abu Dhabi,"96669 Hoffman Estate, Michaelmouth, DC 11757",ozimmerman@example.net,996,Katherine Vaughan,426559,Net 30,TRN3096498095,1,2025-05-11
CUST00193,"Hughes, Parsons and Collins",Government,Abu Dhabi,"36 Bell mission, West Leslie, CM3H 9LP",william27@example.org,996,Francis Hall,499204,Net 90,TRN3805501371,1,2025-09-22
CUST00194,"Wall, Holmes and Griffiths",Government,Dubai,"2120 Mcgee Harbors, South Danielburgh, VA 83930",pamela25@example.net,+44(0)113 4960600,Jennifer Evans,186487,Net 30,TRN5501816522,1,2025-06-17
CUST00195,Thomas-Rahman,Retail,Abu Dhabi,"Studio 89, Glenn oval, North Nigel, NG4B 7LN",jacqueline84@example.com,+44(0)289018940,Angel Wong,383044,Net 90,TRN5036473173,1,2025-03-31
CUST00196,Armstrong-Hale,Retail,Dubai,"906 Antony manors, East Staceyport, N51 7BH",fsmith@example.org,901,Mark Johnson,488583,Net 90,TRN2662141408,1,2025-10-27
CUST00197,"Simpson, Clements and Reeves",Fleet,Ajman,"41734 Baker Cape, Kaitlynstad, GA 50402",danielreynolds@example.com,+44(0)151 496 0719,Dr Russell Willis,196878,Net 60,TRN6434537081,1,2025-04-27
CUST00198,Forster Ltd,Wholesale,Dubai,"4 Lawrence gardens, West Jayland, N7 8GW",zpetersen@example.net,0117 496 0038,Leanne Parker-James,312383,Net 90,TRN4059857124,1,2025-05-17
CUST00199,Barnett PLC,Retail,Ajman,"Flat 7, Victor center, South Donnaberg, E98 9FQ",cannontodd@example.com,+971 55 569 5374,Tony Whitehouse,118054,Net 90,TRN1585392480,1,2025-02-15
CUST00200,Davis LLC,Retail,Dubai,"8063 Aaron Knoll Suite 797, Holdenborough, PA 82521",hamptontina@example.net,800723917,Christina Rose,257907,Net 60,TRN9174536994,1,2024-11-30
